transaction_id,serial_number,registry,project_type,vintage_year,quantity,unit,gas_type,status,retirement_date,claimed_by,claim_year,claim_id
T000000,VCS-02824-2021-00000001,Verra,REDD+ (VM0048),2021,557.35,tCO2e,CO2,retired,2024-10-06,Aria Logistics Group,2024,CLAIM-2024-7912
T000001,VCS-01520-2021-00000002,Verra,REDD+ (VM0048),2021,181.35,tCO2e,CO2,retired,2024-04-11,Solace Apparel Holdings,2024,CLAIM-2024-4611
T000002,GS-08359-2018-00000001,Gold Standard,Direct Air Capture,2018,1734.24,tCO2e,CO2,retired,2024-03-20,Cobalt Ridge Manufacturing,2024,CLAIM-2024-6514
T000003,VCS-02674-2019-00000003,Verra,REDD+ (VM0048),2019,3038.44,tCO2e,CO2,retired,2025-01-23,Tidewater Shipping Corp.,2025,CLAIM-2025-9785
T000004,ACR-03045-2022-00000001,ACR,Improved Forest Management,2022,3537.63,tCO2e,CO2,retired,2025-01-24,Cobalt Ridge Manufacturing,2025,CLAIM-2025-5741
T000005,GS-02307-2019-00000002,Gold Standard,Cookstove Distribution,2019,3196.64,tCO2e,CO2,retired,2026-07-06,Brightline Materials Co.,2026,CLAIM-2026-7065
T000006,VCS-06820-2019-00000004,Verra,Afforestation/Reforestation (VM0047),2019,1261.81,tCO2e,CO2,retired,2024-08-24,Solace Apparel Holdings,2024,CLAIM-2024-5422
T000007,PURO-04598-2018-00000001,Puro.earth,Biochar,2018,4034.98,tCO2e,CO2,retired,2024-07-24,Verdant Grain Cooperative,2024,CLAIM-2024-2084
T000008,GS-04456-2021-00000003,Gold Standard,Direct Air Capture,2021,4577.01,tCO2e,CO2,retired,2026-08-23,Brightline Materials Co.,2026,CLAIM-2026-5339
T000009,VCS-03287-2024-00000005,Verra,Afforestation/Reforestation (VM0047),2024,1135.64,tCO2e,CO2,retired,2026-03-12,Tidewater Shipping Corp.,2026,CLAIM-2026-2489
T000010,GS-01771-2020-00000004,Gold Standard,Cookstove Distribution,2020,2139.69,tCO2e,CO2,retired,2024-02-02,Solace Apparel Holdings,2024,CLAIM-2024-7252
T000011,GS-08668-2018-00000005,Gold Standard,Direct Air Capture,2018,2708.0,tCO2e,CO2,retired,2023-05-17,Halsey Industrial Partners,2023,CLAIM-2023-2827
T000012,ACR-05808-2025-00000002,ACR,Improved Forest Management,2025,4385.47,tCO2e,N2O,retired,2025-05-15,Brightline Materials Co.,2025,CLAIM-2025-9317
T000013,VCS-02743-2021-00000006,Verra,Cookstove Distribution,2021,849.67,tCO2e,CO2,retired,2024-09-28,Northwind Foods Inc.,2024,CLAIM-2024-6310
T000014,VCS-09005-2023-00000007,Verra,REDD+ (VM0048),2023,1242.31,tCO2e,CO2,retired,2025-10-18,Aria Logistics Group,2025,CLAIM-2025-2403
T000015,GS-08962-2020-00000006,Gold Standard,Cookstove Distribution,2020,4736.9,tCO2e,CO2,retired,2024-03-25,Verdant Grain Cooperative,2024,CLAIM-2024-9645
T000016,VCS-07932-2022-00000008,Verra,Afforestation/Reforestation (VM0047),2022,3266.9,tCO2e,N2O,retired,2026-08-13,Tidewater Shipping Corp.,2026,CLAIM-2026-2982
T000017,VCS-05061-2023-00000009,Verra,Afforestation/Reforestation (VM0047),2023,1189.07,tCO2e,CO2,retired,2023-04-23,Northwind Foods Inc.,2023,CLAIM-2023-2163
T000018,VCS-01964-2018-00000010,Verra,Afforestation/Reforestation (VM0047),2018,1228.12,tCO2e,CO2,retired,2025-12-09,Tidewater Shipping Corp.,2025,CLAIM-2025-4510
T000019,VCS-09834-2021-00000011,Verra,Afforestation/Reforestation (VM0047),2021,992.53,tCO2e,CO2,retired,2026-02-19,Solace Apparel Holdings,2026,CLAIM-2026-6804
T000020,CAR-07939-2018-00000001,CAR,Improved Forest Management,2018,3654.66,tCO2e,CO2,retired,2023-02-25,Cobalt Ridge Manufacturing,2023,CLAIM-2023-4139
T000021,GS-04116-2020-00000007,Gold Standard,Direct Air Capture,2020,2340.01,tCO2e,CO2,retired,2026-02-08,Tidewater Shipping Corp.,2026,CLAIM-2026-2604
T000022,PURO-01828-2019-00000002,Puro.earth,Biochar,2019,2453.92,tCO2e,CO2,retired,2024-04-19,Solace Apparel Holdings,2024,CLAIM-2024-1960
T000023,ACR-03697-2024-00000003,ACR,Improved Forest Management,2024,3936.39,tCO2e,CH4,retired,2025-05-27,Solace Apparel Holdings,2025,CLAIM-2025-8973
T000024,VCS-03536-2021-00000012,Verra,Afforestation/Reforestation (VM0047),2021,2733.87,tCO2e,CO2,retired,2023-06-10,Northwind Foods Inc.,2023,CLAIM-2023-1821
T000025,PURO-08811-2018-00000003,Puro.earth,Direct Air Capture,2018,389.18,tCO2e,CH4,retired,2023-02-04,Cobalt Ridge Manufacturing,2023,CLAIM-2023-7615
T000026,PURO-02964-2018-00000004,Puro.earth,Direct Air Capture,2018,2939.18,tCO2e,CO2,retired,2023-09-25,Halsey Industrial Partners,2023,CLAIM-2023-5272
T000027,PURO-04346-2021-00000005,Puro.earth,Biochar,2021,3374.87,tCO2e,CO2,retired,2025-06-03,Tidewater Shipping Corp.,2025,CLAIM-2025-6180
T000028,VCS-02188-2019-00000013,Verra,REDD+ (VM0048),2019,2554.13,tCO2e,CO2,retired,2023-03-09,Halsey Industrial Partners,2023,CLAIM-2023-2127
T000029,ACR-05002-2020-00000004,ACR,Landfill Methane Capture,2020,3532.52,tCO2e,CO2,retired,2026-11-10,Northwind Foods Inc.,2026,CLAIM-2026-5905
T000030,VCS-02697-2019-00000014,Verra,Afforestation/Reforestation (VM0047),2019,819.47,tCO2e,CO2,retired,2023-05-25,Cobalt Ridge Manufacturing,2017,CLAIM-2023-6617
T000031,PURO-04335-2025-00000006,Puro.earth,Biochar,2025,4238.21,tCO2e,CH4,retired,2026-02-17,Solace Apparel Holdings,2026,CLAIM-2026-5533
T000032,VCS-01722-2020-00000015,Verra,REDD+ (VM0048),2020,2237.09,tCO2e,CO2,retired,2025-12-28,Solace Apparel Holdings,2025,CLAIM-2025-1158
T000033,VCS-02832-2018-00000016,Verra,REDD+ (VM0048),2018,783.06,tCO2e,CO2,retired,2025-03-07,Northwind Foods Inc.,2025,CLAIM-2025-6050
T000034,GS-06974-2023-00000008,Gold Standard,Cookstove Distribution,2023,3351.32,tCO2e,CO2,retired,2024-06-30,Solace Apparel Holdings,2024,CLAIM-2024-3532
T000035,GS-04878-2020-00000009,Gold Standard,Cookstove Distribution,2020,3695.99,tCO2e,CO2,retired,2026-06-20,Solace Apparel Holdings,2026,CLAIM-2026-5065
T000036,VCS-05371-2024-00000017,Verra,Afforestation/Reforestation (VM0047),2024,1151.05,tCO2e,CH4,retired,2024-08-23,Halsey Industrial Partners,2024,CLAIM-2024-6000
T000037,VCS-04728-2021-00000018,Verra,Afforestation/Reforestation (VM0047),2021,4328.55,tCO2e,CO2,retired,2026-05-23,Halsey Industrial Partners,2026,CLAIM-2026-9346
T000038,PURO-07548-2018-00000007,Puro.earth,Biochar,2018,1343.02,tCO2e,CH4,retired,2023-10-25,Verdant Grain Cooperative,2023,CLAIM-2023-1626
T000039,GS-02776-2023-00000010,Gold Standard,Direct Air Capture,2023,4921.97,tCO2e,CO2,retired,2025-03-01,Solace Apparel Holdings,2025,CLAIM-2025-4114
T000040,VCS-05173-2018-00000019,Verra,REDD+ (VM0048),2018,396.37,tCO2e,CO2,retired,2024-12-06,Halsey Industrial Partners,2024,CLAIM-2024-6143
T000041,PURO-03041-2022-00000008,Puro.earth,Biochar,2022,3501.18,tCO2e,CO2,retired,2026-10-11,Brightline Materials Co.,2026,CLAIM-2026-4143
T000042,PURO-07888-2020-00000009,Puro.earth,Biochar,2020,4176.94,tCO2e,CO2,retired,2025-06-05,Verdant Grain Cooperative,2025,CLAIM-2025-4443
T000043,VCS-08043-2025-00000020,Verra,Cookstove Distribution,2025,1107.82,tCO2e,CO2,retired,2026-08-31,Brightline Materials Co.,2026,CLAIM-2026-2389
T000044,GS-05649-2019-00000011,Gold Standard,Direct Air Capture,2019,1161.97,tCO2e,CO2,retired,2024-04-11,Brightline Materials Co.,2024,CLAIM-2024-1400
T000045,VCS-01757-2019-00000021,Verra,Afforestation/Reforestation (VM0047),2019,3167.34,tCO2e,CO2,retired,2026-04-10,Solace Apparel Holdings,2026,CLAIM-2026-9099
T000046,VCS-07547-2018-00000022,Verra,Afforestation/Reforestation (VM0047),2018,1133.26,tCO2e,CO2,retired,2023-12-23,Tidewater Shipping Corp.,2023,CLAIM-2023-1822
T000047,GS-05082-2025-00000012,Gold Standard,Cookstove Distribution,2025,3354.51,tCO2e,CO2,retired,2025-10-14,Halsey Industrial Partners,2025,CLAIM-2025-8251
T000048,VCS-09270-2025-00000023,Verra,Improved Forest Management,2025,2399.64,tCO2e,CO2,retired,2025-05-13,Cobalt Ridge Manufacturing,2025,CLAIM-2025-5543
T000049,VCS-09540-2021-00000024,Verra,Improved Forest Management,2021,3582.05,tCO2e,CO2,retired,2025-05-01,Verdant Grain Cooperative,2025,CLAIM-2025-6502
T000050,PURO-06238-2020-00000010,Puro.earth,Direct Air Capture,2020,3485.05,tCO2e,CO2,retired,2024-12-27,Cobalt Ridge Manufacturing,2024,CLAIM-2024-2052
T000051,CAR-07797-2025-00000002,CAR,Improved Forest Management,2025,4172.81,tCO2e,CO2,retired,2026-07-19,Northwind Foods Inc.,2026,CLAIM-2026-7232
T000052,VCS-08814-2022-00000025,Verra,REDD+ (VM0048),2022,4769.48,tCO2e,CH4,retired,2026-08-03,Cobalt Ridge Manufacturing,2026,CLAIM-2026-8999
T000053,ACR-04595-2025-00000005,ACR,Landfill Methane Capture,2025,3360.92,tCO2e,CO2,retired,2025-07-27,Brightline Materials Co.,2025,CLAIM-2025-8657
T000054,PURO-03091-2024-00000011,Puro.earth,Direct Air Capture,2024,184.16,tCO2e,CO2,retired,2026-11-26,Solace Apparel Holdings,2026,CLAIM-2026-3223
T000055,VCS-08564-2022-00000026,Verra,Afforestation/Reforestation (VM0047),2022,2300.76,tCO2,CH4,retired,2026-06-22,Solace Apparel Holdings,2026,CLAIM-2026-5558
T000056,VCS-07906-2025-00000027,Verra,Landfill Methane Capture,2025,307.82,tCO2e,CO2,retired,2025-06-29,Cobalt Ridge Manufacturing,2025,CLAIM-2025-2124
T000057,GS-01659-2021-00000013,Gold Standard,Cookstove Distribution,2021,3125.61,tCO2e,CO2,retired,2024-05-02,Brightline Materials Co.,2024,CLAIM-2024-8758
T000058,PURO-02874-2025-00000012,Puro.earth,Direct Air Capture,2025,880.56,tCO2e,CO2,retired,2026-11-07,Aria Logistics Group,2026,CLAIM-2026-3683
T000059,VCS-06096-2022-00000028,Verra,REDD+ (VM0048),2022,3589.32,tCO2e,CO2,retired,2026-02-08,Cobalt Ridge Manufacturing,2026,CLAIM-2026-2669
T000060,GS-05941-2018-00000014,Gold Standard,Cookstove Distribution,2018,3324.53,tCO2e,CO2,retired,2025-02-05,Halsey Industrial Partners,2025,CLAIM-2025-1207
T000061,VCS-07882-2019-00000029,Verra,Cookstove Distribution,2019,3196.15,tCO2e,N2O,retired,2026-08-24,Brightline Materials Co.,2026,CLAIM-2026-8135
T000062,PURO-03885-2025-00000013,Puro.earth,Biochar,2025,3668.58,tCO2e,CO2,retired,2026-05-18,Halsey Industrial Partners,2026,CLAIM-2026-5022
T000063,ACR-02419-2021-00000006,ACR,Landfill Methane Capture,2021,3357.53,tCO2e,CO2,retired,2026-06-22,Northwind Foods Inc.,2026,CLAIM-2026-9098
T000064,VCS-06325-2021-00000030,Verra,Afforestation/Reforestation (VM0047),2021,1734.68,tCO2e,CO2,retired,2025-11-02,Verdant Grain Cooperative,2025,CLAIM-2025-1166
T000065,VCS-09464-2021-00000031,Verra,Afforestation/Reforestation (VM0047),2021,3802.92,tCO2e,CO2,retired,2026-12-20,Tidewater Shipping Corp.,2026,CLAIM-2026-9041
T000066,GS-08342-2019-00000015,Gold Standard,Cookstove Distribution,2019,3474.35,tCO2e,CO2,retired,2025-06-06,Halsey Industrial Partners,2025,CLAIM-2025-8753
T000067,ACR-09698-2023-00000007,ACR,Landfill Methane Capture,2023,1391.04,tCO2e,CO2,retired,2025-05-09,Cobalt Ridge Manufacturing,2025,CLAIM-2025-2976
T000068,VCS-04155-2020-00000032,Verra,Landfill Methane Capture,2020,2446.78,tCO2e,CO2,retired,2024-10-28,Verdant Grain Cooperative,2024,CLAIM-2024-2647
T000069,VCS-04180-2023-00000033,Verra,Landfill Methane Capture,2023,3554.69,tCO2e,CO2,retired,2024-03-05,Verdant Grain Cooperative,2024,CLAIM-2024-1745
T000070,GS-01893-2020-00000016,Gold Standard,Direct Air Capture,2020,110.71,tCO2e,CO2,retired,2026-05-26,Tidewater Shipping Corp.,2026,CLAIM-2026-8843
T000071,VCS-08216-2018-00000034,Verra,Landfill Methane Capture,2018,2414.76,tCO2e,CH4,retired,2025-02-03,Solace Apparel Holdings,2025,CLAIM-2025-9056
T000072,PURO-02213-2020-00000014,Puro.earth,Direct Air Capture,2020,4748.17,tCO2e,CO2,retired,2024-02-13,Cobalt Ridge Manufacturing,2024,CLAIM-2024-2940
T000073,PURO-07818-2024-00000015,Puro.earth,Direct Air Capture,2024,1521.9,tCO2e,CH4,retired,2025-10-29,Solace Apparel Holdings,2025,CLAIM-2025-6003
T000074,PURO-01986-2021-00000016,Puro.earth,Direct Air Capture,2021,451.88,tCO2e,CO2,retired,2024-05-02,Brightline Materials Co.,2024,CLAIM-2024-2229
T000075,VCS-03564-2025-00000035,Verra,REDD+ (VM0048),2025,1195.81,tCO2e,CO2,retired,2026-12-28,Verdant Grain Cooperative,2026,CLAIM-2026-8438
T000076,PURO-02166-2022-00000017,Puro.earth,Biochar,2022,2745.58,tCO2e,CO2,retired,2024-11-27,Brightline Materials Co.,2024,CLAIM-2024-5352
T000077,VCS-03330-2020-00000036,Verra,REDD+ (VM0048),2020,4129.99,tCO2e,CO2,retired,2025-05-28,Tidewater Shipping Corp.,2025,CLAIM-2025-3037
T000078,PURO-08679-2024-00000018,Puro.earth,Biochar,2024,2494.29,tCO2e,CO2,retired,2025-02-11,Northwind Foods Inc.,2025,CLAIM-2025-8078
T000079,GS-06280-2018-00000017,Gold Standard,Direct Air Capture,2018,3387.78,tCO2e,CO2,retired,2023-10-22,Northwind Foods Inc.,2023,CLAIM-2023-5415
T000080,GS-01659-2025-00000018,Gold Standard,Cookstove Distribution,2025,948.37,tCO2e,CH4,retired,2026-10-27,Solace Apparel Holdings,2026,CLAIM-2026-9056
T000081,CAR-02494-2024-00000003,CAR,Improved Forest Management,2024,567.77,tCO2e,CO2,retired,2025-03-24,Halsey Industrial Partners,2025,CLAIM-2025-7744
T000082,CAR-09117-2024-00000004,CAR,Landfill Methane Capture,2024,485.9,tCO2e,CO2,retired,2026-05-10,Halsey Industrial Partners,2026,CLAIM-2026-2899
T000083,GS-07622-2025-00000019,Gold Standard,Cookstove Distribution,2025,2616.27,tCO2e,CO2,retired,2026-11-15,Tidewater Shipping Corp.,2026,CLAIM-2026-8242
T000084,VCS-01845-2020-00000037,Verra,Afforestation/Reforestation (VM0047),2020,3506.34,tCO2e,CO2,retired,2025-03-04,Northwind Foods Inc.,2025,CLAIM-2025-4920
T000085,CAR-03594-2018-00000005,CAR,Landfill Methane Capture,2018,4961.67,tCO2e,CO2,retired,2026-02-28,Tidewater Shipping Corp.,2026,CLAIM-2026-2924
T000086,VCS-03522-2022-00000038,Verra,Improved Forest Management,2022,2438.37,tCO2e,CO2,retired,2025-08-30,Cobalt Ridge Manufacturing,2025,CLAIM-2025-8483
T000087,ACR-03369-2020-00000008,ACR,Improved Forest Management,2020,3960.53,tCO2e,CO2,retired,2023-08-01,Halsey Industrial Partners,2023,CLAIM-2023-9318
T000088,GS-05377-2022-00000020,Gold Standard,Cookstove Distribution,2022,2920.62,tCO2e,CO2,retired,2025-12-04,Tidewater Shipping Corp.,2025,CLAIM-2025-3434
T000089,GS-08316-2023-00000021,Gold Standard,Direct Air Capture,2023,2739.98,tCO2e,CO2,retired,2025-08-22,Halsey Industrial Partners,2025,CLAIM-2025-4090
T000090,GS-04912-2021-00000022,Gold Standard,Direct Air Capture,2021,3736.29,tCO2e,CO2,retired,2026-12-28,Solace Apparel Holdings,2026,CLAIM-2026-7325
T000091,ACR-03492-2020-00000009,ACR,Improved Forest Management,2020,4377.24,tCO2e,CH4,retired,2025-08-14,Aria Logistics Group,2025,CLAIM-2025-9617
T000092,VCS-08486-2024-00000039,Verra,REDD+ (VM0048),2024,420.4,tCO2e,N2O,retired,2026-05-16,Halsey Industrial Partners,2026,CLAIM-2026-7512
T000093,VCS-02315-2024-00000040,Verra,Cookstove Distribution,2024,4442.82,tCO2e,CO2,retired,2025-09-07,Northwind Foods Inc.,2025,CLAIM-2025-2121
T000094,PURO-04846-2021-00000019,Puro.earth,Biochar,2021,537.29,tCO2e,CO2,retired,2023-11-21,Aria Logistics Group,2023,CLAIM-2023-8269
T000095,PURO-03725-2018-00000020,Puro.earth,Biochar,2018,327.79,tCO2e,CO2,retired,2023-07-03,Halsey Industrial Partners,2023,CLAIM-2023-8056
T000096,VCS-03385-2020-00000041,Verra,Afforestation/Reforestation (VM0047),2020,3066.98,tCO2e,CO2,retired,2024-07-14,Cobalt Ridge Manufacturing,2024,CLAIM-2024-9153
T000097,VCS-03344-2022-00000042,Verra,Afforestation/Reforestation (VM0047),2022,96.52,tCO2e,CO2,retired,2026-08-27,Verdant Grain Cooperative,2026,CLAIM-2026-9955
T000098,VCS-03588-2023-00000043,Verra,REDD+ (VM0048),2023,2150.33,tCO2e,CO2,retired,2025-05-09,Tidewater Shipping Corp.,2025,CLAIM-2025-5949
T000099,CAR-04263-2019-00000006,CAR,Improved Forest Management,2019,1826.85,tCO2e,CO2,retired,2024-05-31,Verdant Grain Cooperative,2024,CLAIM-2024-1359
T000100,VCS-07484-2018-00000044,Verra,Landfill Methane Capture,2018,4519.53,tCO2e,CO2,retired,2026-04-28,Halsey Industrial Partners,2026,CLAIM-2026-4588
T000101,GS-04115-2020-00000023,Gold Standard,Direct Air Capture,2020,3249.39,tCO2e,CH4,retired,2023-06-08,Tidewater Shipping Corp.,2023,CLAIM-2023-1546
T000102,PURO-06977-2019-00000021,Puro.earth,Biochar,2019,2106.74,tCO2e,CO2,retired,2025-04-13,Brightline Materials Co.,2025,CLAIM-2025-9837
T000103,GS-06994-2020-00000024,Gold Standard,Direct Air Capture,2020,4723.73,tCO2e,CH4,retired,2025-06-01,Halsey Industrial Partners,2025,CLAIM-2025-2886
T000104,VCS-08673-2021-00000045,Verra,REDD+ (VM0048),2021,4032.71,tCO2e,N2O,retired,2026-07-07,Aria Logistics Group,2026,CLAIM-2026-7464
T000105,CAR-01228-2019-00000007,CAR,REDD+ (VM0048),2019,3757.61,tCO2e,CO2,retired,2026-05-15,Solace Apparel Holdings,2026,CLAIM-2026-7086
T000106,PURO-02775-2025-00000022,Puro.earth,Biochar,2025,4718.69,tCO2e,CO2,retired,2025-06-17,Cobalt Ridge Manufacturing,2025,CLAIM-2025-2035
T000107,PURO-08606-2024-00000023,Puro.earth,Biochar,2024,4733.99,tCO2e,CO2,retired,2024-06-04,Tidewater Shipping Corp.,2024,CLAIM-2024-2902
T000108,VCS-02592-2024-00000046,Verra,Afforestation/Reforestation (VM0047),2024,4749.43,tCO2e,CO2,retired,2025-12-23,Solace Apparel Holdings,2025,CLAIM-2025-3531
T000109,PURO-07797-2025-00000024,Puro.earth,Biochar,2025,1434.71,tCO2e,CH4,retired,2026-12-20,Halsey Industrial Partners,2026,CLAIM-2026-4559
T000110,ACR-08264-2023-00000010,ACR,Improved Forest Management,2023,1868.31,tCO2e,N2O,retired,2023-11-27,Halsey Industrial Partners,2023,CLAIM-2023-1992
T000111,VCS-07523-2019-00000047,Verra,Landfill Methane Capture,2019,1099.92,tCO2e,CO2,retired,2026-11-24,Northwind Foods Inc.,2026,CLAIM-2026-1828
T000112,VCS-06464-2021-00000048,Verra,Afforestation/Reforestation (VM0047),2021,2793.33,tCO2e,CO2,retired,2023-10-28,Cobalt Ridge Manufacturing,2023,CLAIM-2023-4817
T000113,GS-06383-2018-00000025,Gold Standard,Cookstove Distribution,2018,766.21,tCO2e,CH4,retired,2025-03-08,Verdant Grain Cooperative,2025,CLAIM-2025-3858
T000114,PURO-02801-2020-00000025,Puro.earth,Biochar,2020,3952.74,tCO2e,CO2,retired,2023-10-29,Halsey Industrial Partners,2023,CLAIM-2023-1258
T000115,VCS-03854-2020-00000049,Verra,Landfill Methane Capture,2020,3741.04,tCO2e,CO2,retired,2026-09-01,Tidewater Shipping Corp.,2026,CLAIM-2026-6931
T000116,PURO-09408-2025-00000026,Puro.earth,Direct Air Capture,2025,264.66,tCO2e,CH4,retired,2025-12-04,Verdant Grain Cooperative,2025,CLAIM-2025-8504
T000117,VCS-01510-2024-00000050,Verra,REDD+ (VM0048),2024,2476.83,tCO2e,CO2,retired,2025-08-16,Aria Logistics Group,2025,CLAIM-2025-2323
T000118,PURO-06277-2019-00000027,Puro.earth,Direct Air Capture,2019,3183.73,tCO2e,CO2,retired,2024-10-07,Halsey Industrial Partners,2024,CLAIM-2024-7240
T000119,ACR-09692-2024-00000011,ACR,Landfill Methane Capture,2024,616.35,tCO2e,CO2,retired,2024-12-01,Cobalt Ridge Manufacturing,2024,CLAIM-2024-8046
T000120,VCS-08398-2023-00000051,Verra,Afforestation/Reforestation (VM0047),2023,3661.58,tCO2e,CO2,retired,2026-06-10,Solace Apparel Holdings,2026,CLAIM-2026-6120
T000121,VCS-05176-2025-00000052,Verra,Landfill Methane Capture,2025,472.55,tCO2e,CO2,retired,2025-08-10,Aria Logistics Group,2025,CLAIM-2025-7105
T000122,PURO-03131-2023-00000028,Puro.earth,Direct Air Capture,2023,4374.36,tCO2e,CO2,retired,2023-08-05,Northwind Foods Inc.,2023,CLAIM-2023-5712
T000123,VCS-06119-2021-00000053,Verra,Landfill Methane Capture,2021,1160.01,tCO2e,CO2,retired,2024-02-25,Halsey Industrial Partners,2024,CLAIM-2024-7022
T000124,VCS-02882-2021-00000054,Verra,Cookstove Distribution,2021,4874.01,tCO2e,CO2,retired,2026-11-15,Northwind Foods Inc.,2026,CLAIM-2026-5381
T000125,VCS-01474-2022-00000055,Verra,Afforestation/Reforestation (VM0047),2022,947.96,tCO2e,CO2,retired,2025-03-15,Solace Apparel Holdings,2025,CLAIM-2025-2140
T000126,PURO-03324-2019-00000029,Puro.earth,Biochar,2019,2295.55,tCO2e,CO2,retired,2024-03-21,Halsey Industrial Partners,2024,CLAIM-2024-6105
T000127,GS-06314-2018-00000026,Gold Standard,Cookstove Distribution,2018,3108.3,tCO2e,CO2,retired,2024-12-11,Aria Logistics Group,2024,CLAIM-2024-5458
T000128,PURO-08259-2025-00000030,Puro.earth,Biochar,2025,1117.07,tCO2e,CO2,retired,2026-09-20,Aria Logistics Group,2026,CLAIM-2026-6655
T000129,VCS-08043-2025-00000056,Verra,REDD+ (VM0048),2025,2006.55,tCO2e,CO2,retired,2026-11-03,Northwind Foods Inc.,2026,CLAIM-2026-1125
T000130,VCS-04349-2020-00000057,Verra,Landfill Methane Capture,2020,643.92,tCO2e,CO2,retired,2025-09-12,Solace Apparel Holdings,2025,CLAIM-2025-3878
T000131,VCS-03116-2021-00000058,Verra,Improved Forest Management,2021,4315.73,tCO2e,CO2,retired,2025-01-22,Solace Apparel Holdings,2025,CLAIM-2025-1307
T000132,VCS-08532-2024-00000059,Verra,REDD+ (VM0048),2024,3218.7,tCO2e,CO2,retired,2026-05-29,Aria Logistics Group,2026,CLAIM-2026-7636
T000133,VCS-01341-2025-00000060,Verra,Landfill Methane Capture,2025,4230.2,tCO2e,CO2,retired,2026-05-05,Solace Apparel Holdings,2026,CLAIM-2026-7560
T000134,VCS-09584-2022-00000061,Verra,REDD+ (VM0048),2022,3906.63,tCO2e,CO2,retired,2025-02-09,Aria Logistics Group,2025,CLAIM-2025-9693
T000135,VCS-09355-2023-00000062,Verra,Afforestation/Reforestation (VM0047),2023,774.9,tCO2e,CO2,retired,2024-04-11,Brightline Materials Co.,2024,CLAIM-2024-3504
T000136,VCS-02234-2025-00000063,Verra,Afforestation/Reforestation (VM0047),2025,4416.14,tCO2e,CO2,retired,2026-11-26,Halsey Industrial Partners,2026,CLAIM-2026-6179
T000137,ACR-03473-2025-00000012,ACR,Improved Forest Management,2025,3991.83,tCO2e,CO2,retired,2026-10-30,Northwind Foods Inc.,2026,CLAIM-2026-6766
T000138,VCS-09312-2025-00000064,Verra,REDD+ (VM0048),2025,1875.25,tCO2e,CO2,retired,2026-05-27,Aria Logistics Group,2026,CLAIM-2026-2479
T000139,CAR-09307-2018-00000008,CAR,Improved Forest Management,2018,2879.7,tCO2e,CH4,retired,2026-04-07,Halsey Industrial Partners,2026,CLAIM-2026-8792
T000140,VCS-09214-2025-00000065,Verra,Afforestation/Reforestation (VM0047),2025,4195.02,tCO2e,CO2,retired,2025-02-13,Brightline Materials Co.,2025,CLAIM-2025-1641
T000141,PURO-05059-2025-00000031,Puro.earth,Biochar,2025,4593.79,tCO2e,CO2,retired,2025-07-18,Solace Apparel Holdings,2025,CLAIM-2025-6543
T000142,VCS-01857-2019-00000066,Verra,Cookstove Distribution,2019,3407.98,tCO2e,CO2,retired,2025-05-26,Verdant Grain Cooperative,2025,CLAIM-2025-3463
T000143,VCS-06461-2023-00000067,Verra,REDD+ (VM0048),2023,3507.48,tCO2e,N2O,retired,2025-07-20,Brightline Materials Co.,2025,CLAIM-2025-2388
T000144,GS-06072-2023-00000027,Gold Standard,Direct Air Capture,2023,4153.35,tCO2e,CO2,retired,2024-12-16,Aria Logistics Group,2024,CLAIM-2024-7937
T000145,VCS-09331-2023-00000068,Verra,Landfill Methane Capture,2023,1110.25,tCO2e,CO2,retired,2025-09-06,Cobalt Ridge Manufacturing,2025,CLAIM-2025-4711
T000146,VCS-03253-2022-00000069,Verra,Afforestation/Reforestation (VM0047),2022,2721.87,tCO2e,CO2,retired,2023-09-27,Northwind Foods Inc.,2023,CLAIM-2023-6517
T000147,GS-03147-2020-00000028,Gold Standard,Direct Air Capture,2020,3479.59,tCO2e,CO2,retired,2024-11-15,Brightline Materials Co.,2024,CLAIM-2024-8170
T000148,CAR-01715-2021-00000009,CAR,Improved Forest Management,2021,3774.34,tCO2e,CO2,retired,2026-08-18,Cobalt Ridge Manufacturing,2026,CLAIM-2026-9749
T000149,ACR-04918-2021-00000013,ACR,Landfill Methane Capture,2021,2873.58,tCO2e,CO2,retired,2025-08-14,Tidewater Shipping Corp.,2025,CLAIM-2025-5616
T000150,GS-07256-2020-00000029,Gold Standard,Direct Air Capture,2020,735.07,tCO2e,CO2,retired,2024-05-08,Northwind Foods Inc.,2024,CLAIM-2024-8873
T000151,PURO-07081-2019-00000032,Puro.earth,Direct Air Capture,2019,843.55,tCO2e,CO2,retired,2025-08-19,Brightline Materials Co.,2025,CLAIM-2025-8167
T000152,VCS-02502-2023-00000070,Verra,Afforestation/Reforestation (VM0047),2023,2012.45,tCO2e,CO2,retired,2023-07-11,Cobalt Ridge Manufacturing,2023,CLAIM-2023-7326
T000153,VCS-02337-2018-00000071,Verra,Landfill Methane Capture,2018,4203.92,tCO2e,CH4,retired,2025-11-29,Halsey Industrial Partners,2025,CLAIM-2025-3392
T000154,VCS-03254-2025-00000072,Verra,REDD+ (VM0048),2025,2372.1,tCO2e,CO2,retired,2025-11-12,Northwind Foods Inc.,2025,CLAIM-2025-2298
T000155,VCS-01311-2020-00000073,Verra,Landfill Methane Capture,2020,1476.1,tCO2e,CO2,retired,2026-06-04,Aria Logistics Group,2026,CLAIM-2026-1782
T000156,VCS-04906-2025-00000074,Verra,Improved Forest Management,2025,4530.48,tCO2e,CO2,retired,2025-11-02,Northwind Foods Inc.,2025,CLAIM-2025-9443
T000157,PURO-04963-2022-00000033,Puro.earth,Biochar,2022,1796.44,tCO2e,CO2,retired,2026-10-20,Solace Apparel Holdings,2026,CLAIM-2026-4068
T000158,GS-02402-2019-00000030,Gold Standard,Direct Air Capture,2019,2377.17,tCO2e,CO2,retired,2023-11-22,Solace Apparel Holdings,2023,CLAIM-2023-7116
T000159,PURO-05155-2023-00000034,Puro.earth,Biochar,2023,3678.06,tCO2e,CO2,retired,2023-11-18,Aria Logistics Group,2023,CLAIM-2023-6447
T000160,VCS-03185-2023-00000075,Verra,REDD+ (VM0048),2023,3439.18,tCO2e,CO2,retired,2024-12-22,Tidewater Shipping Corp.,2024,CLAIM-2024-3986
T000161,VCS-03209-2018-00000076,Verra,REDD+ (VM0048),2018,3965.99,tCO2e,CO2,retired,2025-01-22,Halsey Industrial Partners,2025,CLAIM-2025-6080
T000162,VCS-09444-2025-00000077,Verra,Improved Forest Management,2025,3252.16,tCO2e,CO2,retired,2026-05-27,Halsey Industrial Partners,2026,CLAIM-2026-1783
T000163,VCS-06438-2023-00000078,Verra,Landfill Methane Capture,2023,3729.37,tCO2e,CH4,retired,2026-07-17,Halsey Industrial Partners,2026,CLAIM-2026-4060
T000164,PURO-09129-2023-00000035,Puro.earth,Biochar,2023,3649.05,tCO2e,CO2,retired,2025-02-10,Solace Apparel Holdings,2025,CLAIM-2025-3956
T000165,ACR-09937-2019-00000014,ACR,Landfill Methane Capture,2019,1513.42,tCO2e,CO2,retired,2023-08-17,Solace Apparel Holdings,2023,CLAIM-2023-3730
T000166,ACR-08272-2018-00000015,ACR,Landfill Methane Capture,2018,2202.96,tCO2e,CO2,retired,2025-11-24,Northwind Foods Inc.,2025,CLAIM-2025-2229
T000167,CAR-07655-2020-00000010,CAR,Landfill Methane Capture,2020,3057.49,tCO2e,CO2,retired,2023-08-13,Northwind Foods Inc.,2023,CLAIM-2023-3068
T000168,VCS-02101-2023-00000079,Verra,Afforestation/Reforestation (VM0047),2023,210.31,tCO2e,CH4,retired,2026-03-20,Tidewater Shipping Corp.,2026,CLAIM-2026-7077
T000169,ACR-07095-2020-00000016,ACR,Improved Forest Management,2020,3265.33,tCO2e,CO2,retired,2025-05-08,Aria Logistics Group,2025,CLAIM-2025-1424
T000170,VCS-04048-2024-00000080,Verra,Improved Forest Management,2024,3886.07,tCO2e,CO2,retired,2026-12-27,Tidewater Shipping Corp.,2026,CLAIM-2026-4515
T000171,PURO-05678-2021-00000036,Puro.earth,Biochar,2021,416.56,tCO2e,CO2,retired,2023-03-30,Tidewater Shipping Corp.,2023,CLAIM-2023-2438
T000172,PURO-06236-2019-00000037,Puro.earth,Biochar,2019,4264.24,tCO2e,CH4,retired,2025-12-31,Brightline Materials Co.,2025,CLAIM-2025-6922
T000173,VCS-09335-2021-00000081,Verra,Afforestation/Reforestation (VM0047),2021,2495.41,tCO2e,CO2,retired,2024-07-03,Halsey Industrial Partners,2024,CLAIM-2024-8657
T000174,PURO-03126-2019-00000038,Puro.earth,Direct Air Capture,2019,3598.82,tCO2e,CO2,retired,2025-09-03,Solace Apparel Holdings,2025,CLAIM-2025-7708
T000175,VCS-02208-2019-00000082,Verra,Afforestation/Reforestation (VM0047),2019,2610.93,tCO2e,CO2,retired,2026-03-07,Brightline Materials Co.,2026,CLAIM-2026-3114
T000176,PURO-08088-2019-00000039,Puro.earth,Direct Air Capture,2019,851.74,tCO2e,CO2,retired,2024-12-29,Cobalt Ridge Manufacturing,2024,CLAIM-2024-6669
T000177,VCS-09501-2022-00000083,Verra,Landfill Methane Capture,2022,2776.67,tCO2e,CO2,retired,2024-03-05,Verdant Grain Cooperative,2024,CLAIM-2024-9740
T000178,PURO-02530-2020-00000040,Puro.earth,Direct Air Capture,2020,3617.13,tCO2e,CO2,retired,2024-11-05,Halsey Industrial Partners,2024,CLAIM-2024-1674
T000179,VCS-01464-2022-00000084,Verra,REDD+ (VM0048),2022,2112.1,tCO2e,CO2,retired,2024-11-23,Northwind Foods Inc.,2024,CLAIM-2024-9159
T000180,CAR-09938-2022-00000011,CAR,Landfill Methane Capture,2022,4046.38,tCO2e,CO2,retired,2026-07-27,Verdant Grain Cooperative,2026,CLAIM-2026-8430
T000181,PURO-02195-2020-00000041,Puro.earth,Biochar,2020,2348.99,tCO2e,CO2,retired,2026-06-24,Brightline Materials Co.,2026,CLAIM-2026-6121
T000182,PURO-06231-2024-00000042,Puro.earth,Biochar,2024,2599.15,tCO2e,CO2,retired,2024-02-24,Halsey Industrial Partners,2024,CLAIM-2024-4960
T000183,VCS-08642-2025-00000085,Verra,REDD+ (VM0048),2025,300.5,tCO2e,CO2,retired,2025-07-16,Solace Apparel Holdings,2025,CLAIM-2025-5067
T000184,VCS-03616-2023-00000086,Verra,Cookstove Distribution,2023,2516.41,tCO2e,CO2,retired,2024-09-20,Tidewater Shipping Corp.,2024,CLAIM-2024-9171
T000185,ACR-06055-2019-00000017,ACR,Improved Forest Management,2019,4835.1,tCO2e,CO2,retired,2026-04-21,Halsey Industrial Partners,2026,CLAIM-2026-1797
T000186,ACR-01828-2025-00000018,ACR,Landfill Methane Capture,2025,4243.5,tCO2e,CO2,retired,2026-08-09,Brightline Materials Co.,2026,CLAIM-2026-5333
T000187,VCS-06992-2023-00000087,Verra,Cookstove Distribution,2023,2872.89,tCO2e,CO2,retired,2023-04-10,Halsey Industrial Partners,2023,CLAIM-2023-5728
T000188,VCS-02204-2025-00000088,Verra,Improved Forest Management,2025,3135.05,tCO2e,CO2,retired,2026-11-09,Aria Logistics Group,2026,CLAIM-2026-3108
T000189,CAR-02584-2023-00000012,CAR,Improved Forest Management,2023,1035.34,tCO2e,CO2,retired,2025-09-18,Solace Apparel Holdings,2025,CLAIM-2025-9193
T000190,VCS-01659-2020-00000089,Verra,REDD+ (VM0048),2020,2620.7,tCO2e,CO2,retired,2025-03-18,Brightline Materials Co.,2025,CLAIM-2025-6373
T000191,VCS-06218-2022-00000090,Verra,Afforestation/Reforestation (VM0047),2022,2573.08,tCO2e,CO2,retired,2025-09-08,Verdant Grain Cooperative,2025,CLAIM-2025-8780
T000192,ACR-01272-2019-00000019,ACR,Landfill Methane Capture,2019,3993.94,tCO2e,CO2,retired,2026-12-19,Northwind Foods Inc.,2026,CLAIM-2026-8775
T000193,PURO-05350-2018-00000043,Puro.earth,Biochar,2018,3163.67,tCO2e,CO2,retired,2026-11-14,Solace Apparel Holdings,2026,CLAIM-2026-3421
T000194,VCS-04968-2021-00000091,Verra,REDD+ (VM0048),2021,2122.96,tCO2e,CO2,retired,2023-07-31,Cobalt Ridge Manufacturing,2023,CLAIM-2023-7723
T000195,VCS-09221-2018-00000092,Verra,Cookstove Distribution,2018,2826.39,tCO2e,CO2,retired,2024-12-05,Tidewater Shipping Corp.,2024,CLAIM-2024-9609
T000196,VCS-07173-2025-00000093,Verra,Landfill Methane Capture,2025,3395.55,tCO2e,CO2,retired,2026-12-15,Verdant Grain Cooperative,2026,CLAIM-2026-8932
T000197,VCS-04150-2022-00000094,Verra,Afforestation/Reforestation (VM0047),2022,4912.19,tCO2e,CH4,retired,2024-05-27,Cobalt Ridge Manufacturing,2024,CLAIM-2024-9011
T000198,CAR-06194-2022-00000013,CAR,Improved Forest Management,2022,3399.28,tCO2e,CO2,retired,2025-07-14,Solace Apparel Holdings,2025,CLAIM-2025-6654
T000199,VCS-03399-2022-00000095,Verra,Landfill Methane Capture,2022,2239.76,tCO2e,CO2,retired,2023-05-12,Tidewater Shipping Corp.,2023,CLAIM-2023-4505
T000200,VCS-04310-2022-00000096,Verra,Cookstove Distribution,2022,3717.41,tCO2e,CO2,retired,2024-05-02,Cobalt Ridge Manufacturing,2024,CLAIM-2024-1831
T000201,VCS-09700-2018-00000097,Verra,Afforestation/Reforestation (VM0047),2018,3600.92,tCO2e,CO2,retired,2023-02-21,Brightline Materials Co.,2023,CLAIM-2023-1084
T000202,VCS-03587-2025-00000098,Verra,Improved Forest Management,2025,3791.76,tCO2e,CO2,retired,2026-05-28,Halsey Industrial Partners,2026,CLAIM-2026-5676
T000203,GS-01969-2021-00000031,Gold Standard,Cookstove Distribution,2021,916.57,tCO2e,CH4,retired,2023-04-01,Northwind Foods Inc.,2023,CLAIM-2023-7504
T000204,VCS-09116-2018-00000099,Verra,Afforestation/Reforestation (VM0047),2018,3033.78,tCO2e,CO2,retired,2023-06-21,Verdant Grain Cooperative,2023,CLAIM-2023-8444
T000205,GS-09901-2020-00000032,Gold Standard,Direct Air Capture,2020,4053.63,tCO2e,CO2,retired,2026-06-19,Brightline Materials Co.,2026,CLAIM-2026-8518
T000206,PURO-05215-2018-00000044,Puro.earth,Biochar,2018,2860.52,tCO2e,CO2,retired,2025-04-09,Brightline Materials Co.,2025,CLAIM-2025-7643
T000207,GS-08007-2019-00000033,Gold Standard,Direct Air Capture,2019,964.67,tCO2e,CO2,retired,2026-03-13,Tidewater Shipping Corp.,2026,CLAIM-2026-6301
T000208,VCS-05064-2024-00000100,Verra,REDD+ (VM0048),2024,1371.62,tCO2e,CO2,retired,2024-06-17,Verdant Grain Cooperative,2024,CLAIM-2024-1187
T000209,PURO-05285-2021-00000045,Puro.earth,Biochar,2021,2353.71,tCO2e,CO2,retired,2023-03-23,Solace Apparel Holdings,2023,CLAIM-2023-9233
T000210,PURO-06095-2022-00000046,Puro.earth,Biochar,2022,1134.69,tCO2e,CO2,retired,2025-03-10,Tidewater Shipping Corp.,2025,CLAIM-2025-3509
T000211,PURO-08454-2024-00000047,Puro.earth,Biochar,2024,2380.6,tCO2e,CO2,retired,2026-10-03,Cobalt Ridge Manufacturing,2026,CLAIM-2026-5054
T000212,GS-02341-2023-00000034,Gold Standard,Direct Air Capture,2023,605.43,tCO2e,CH4,retired,2023-10-08,Cobalt Ridge Manufacturing,2023,CLAIM-2023-9792
T000213,VCS-03455-2025-00000101,Verra,Afforestation/Reforestation (VM0047),2025,3598.74,tCO2e,CO2,retired,2025-09-08,Aria Logistics Group,2025,CLAIM-2025-9361
T000214,GS-08298-2025-00000035,Gold Standard,Cookstove Distribution,2025,2311.15,tCO2e,CO2,retired,2025-01-30,Tidewater Shipping Corp.,2025,CLAIM-2025-6049
T000215,CAR-01356-2018-00000014,CAR,Improved Forest Management,2018,274.18,tCO2e,CO2,retired,2024-06-25,Aria Logistics Group,2024,CLAIM-2024-9866
T000216,VCS-01987-2018-00000102,Verra,REDD+ (VM0048),2018,3856.41,tCO2e,CO2,retired,2025-11-25,Solace Apparel Holdings,2025,CLAIM-2025-7135
T000217,CAR-07266-2024-00000015,CAR,Improved Forest Management,2024,3325.87,tCO2e,CO2,retired,2024-10-03,Brightline Materials Co.,2024,CLAIM-2024-6697
T000218,VCS-02943-2020-00000103,Verra,Afforestation/Reforestation (VM0047),2020,3793.09,tCO2e,CO2,retired,2024-06-01,Tidewater Shipping Corp.,2024,CLAIM-2024-9920
T000219,GS-07948-2021-00000036,Gold Standard,Direct Air Capture,2021,817.85,tCO2e,CO2,retired,2024-04-06,Aria Logistics Group,2024,CLAIM-2024-1527
T900001,GS-01771-2020-00000004,Gold Standard,Cookstove Distribution,2020,2139.69,tCO2e,CO2,retired,2024-02-02,Tidewater Shipping Corp.,2024,CLAIM-2024-7868
T900002,GS-01659-2025-00000018,Gold Standard,Cookstove Distribution,2025,948.37,tCO2e,CH4,retired,2027-02-24,Solace Apparel Holdings,2026,CLAIM-2026-1256
